{"loss_item": 0.7186506986618042, "_timestamp": 1667790991.607578, "_runtime": 35.090177059173584, "_step": 6}