{"Loss": 1.2436683177947998, "_timestamp": 1665454754.554094, "_runtime": 13.68497109413147, "_step": 99, "_wandb": {"runtime": 49}}