{"loss_item": 0.6969888210296631, "_timestamp": 1667794879.954156, "_runtime": 996.403177022934, "_step": 259, "loss": 0.7613308279339327, "accuracy": 45.833333333333336}