{"Loss": 1.2436684370040894, "_timestamp": 1665454841.729443, "_runtime": 20.460819005966187, "_step": 99, "_wandb": {"runtime": 479059}}