{"loss_item": 2.7998390197753906, "_timestamp": 1664243243.0884638, "_runtime": 437.45721983909607, "_step": 205, "loss": 3.3964769558019934, "_wandb": {"runtime": 438}}