{"loss": 1.1042451527687387, "_timestamp": 1663580597.7382941, "_runtime": 22865.016440153122, "_step": 56, "_wandb": {"runtime": 22870}}