{"loss_item": 0.006127615459263325, "_timestamp": 1664242789.224323, "_runtime": 289.7518870830536, "_step": 131, "loss": 3.0012823649860465, "_wandb": {"runtime": 300}}