{"Loss": 0.7436684370040894, "_timestamp": 1665445670.044522, "_runtime": 17.587823152542114, "_step": 99, "_wandb": {"runtime": 36}}