{"Loss": 0.7436684370040894, "_timestamp": 1665446376.526387, "_runtime": 16.81646203994751, "_step": 99, "_wandb": {"runtime": 66}}