{"loss": 1.31326162815094, "_timestamp": 1663549852.9862301, "_runtime": 138.7333471775055, "_step": 40, "_wandb": {"runtime": 385}}