{"loss": 0.9456356993508995, "_timestamp": 1663540338.04181, "_runtime": 269.91957211494446, "_step": 4, "_wandb": {"runtime": 755}}