{"Loss": 1.7436684370040894, "_timestamp": 1665446072.017407, "_runtime": 16.401882886886597, "_step": 99, "_wandb": {"runtime": 15}}