{"Loss": 1.2436684370040894, "_timestamp": 1665446102.2192209, "_runtime": 17.4166898727417, "_step": 99, "_wandb": {"runtime": 23}}