{"loss": 45.17468940664869, "_timestamp": 1663598685.4401212, "_runtime": 14311.428526163101, "_step": 53}