{"loss_item": 0.697759747505188, "_timestamp": 1665959597.320813, "_runtime": 1500.375774860382, "_step": 61, "_wandb": {"runtime": 1520}}