{"Loss": 0.7436716556549072, "_timestamp": 1665453911.5695539, "_runtime": 16.90143585205078, "_step": 99, "_wandb": {"runtime": 751}}