{"loss_item": 0.7112094163894653, "_timestamp": 1667793840.858573, "_runtime": 2015.7634959220886, "_step": 493, "loss": 0.6927834902334651, "accuracy": 50.0, "_wandb": {"runtime": 2017}}