{"Loss": 0.7436684966087341, "_timestamp": 1665445712.523493, "_runtime": 16.620545148849487, "_step": 99, "_wandb": {"runtime": 15}}