{"Loss": 1.2436693906784058, "_timestamp": 1665446318.946723, "_runtime": 16.771230936050415, "_step": 99, "_wandb": {"runtime": 16}}