{"Loss": 1.243701696395874, "_timestamp": 1665446132.777558, "_runtime": 16.543997049331665, "_step": 99, "_wandb": {"runtime": 15}}