{"loss": 34.47483287538069, "_timestamp": 1664241309.523333, "_runtime": 2887.9763350486755, "_step": 12, "_wandb": {"runtime": 3089}}