{"loss_item": 0.7153257727622986, "_timestamp": 1667789760.3822348, "_runtime": 5079.038567781448, "_step": 1071, "loss": 0.7291351696220013}