{"loss_item": 0.7424763441085815, "_timestamp": 1667786996.531616, "_runtime": 2315.1879489421844, "_step": 316, "loss": 0.7642418744914029}