{"loss_item": 0.5760654807090759, "_timestamp": 1667789790.17109, "_runtime": 5108.827422857285, "_step": 1079, "loss": 0.7291351696220013}