{"loss_item": 0.6947004199028015, "_timestamp": 1667789860.451738, "_runtime": 5179.108071088791, "_step": 1099, "loss": 0.7024670677994369}