{"loss_item": 0.5893502831459045, "_timestamp": 1665967983.983171, "_runtime": 8358.761781930923, "_step": 2199, "loss": 0.6881440492398149, "_wandb": {"runtime": 8358}}