{"Loss": 1.7436683177947998, "_timestamp": 1665445755.843471, "_runtime": 16.688409090042114, "_step": 99, "_wandb": {"runtime": 23}}