{"Loss": 0.743675172328949, "_timestamp": 1665446200.9626958, "_runtime": 16.881151914596558, "_step": 99, "_wandb": {"runtime": 110}}