{"loss_item": 0.9863351583480835, "_timestamp": 1664242378.668891, "_runtime": 651.1120610237122, "_step": 315, "loss": 4.370390943654742, "_wandb": {"runtime": 652}}