{"loss": 1.0549472029056024, "_timestamp": 1663554545.9340641, "_runtime": 2832.1099791526794, "_step": 9, "_wandb": {"runtime": 6009}}