{"loss": 0.9363972613024055, "_timestamp": 1663541094.305622, "_runtime": 262.80532813072205, "_step": 4, "_wandb": {"runtime": 1004}}