{"loss": 0.94806946827731, "_timestamp": 1663540893.129768, "_runtime": 61.62947392463684, "_step": 0}