{"Loss": 0.743668794631958, "_timestamp": 1665445787.560684, "_runtime": 16.91146206855774, "_step": 99, "_wandb": {"runtime": 16}}