{"loss_item": 0.8341900110244751, "_timestamp": 1667791809.438396, "_runtime": 286.75752997398376, "_step": 74, "_wandb": {"runtime": 290}}