{"loss": 0.9343460390874005, "_timestamp": 1663544922.930583, "_runtime": 262.6085810661316, "_step": 4, "_wandb": {"runtime": 4562}}