{"Loss": 0.7436684370040894, "_timestamp": 1665446449.814674, "_runtime": 16.171266794204712, "_step": 99, "_wandb": {"runtime": 19}}