{"loss": 1.0835750020972086, "_timestamp": 1663551543.46243, "_runtime": 1437.378930091858, "_step": 4, "_wandb": {"runtime": 1436}}