{"loss_item": 4.592316627502441, "_timestamp": 1664247111.016526, "_runtime": 120.1717848777771, "_step": 52}