{"loss_item": 0.6939989328384399, "_timestamp": 1665978812.5334, "_runtime": 10805.115200042725, "_step": 2199, "loss": 0.6973004926235304}